,Iteration,Modelname,Metricname,Result
0,0,1,Mean Square Error,0.15703272595309287
1,0,1,R squared,0.42207885863373507
2,0,1,Standard Deviation of Error,0.3609250804779688
3,0,1,Standard deviation per Recording (avg),0.24228206528255095
4,0,1,Ratio of Outliers (>= 0.5 rad),0.15496098104793757
5,0,2,Mean Square Error,0.13590366634351803
6,0,2,R squared,0.4998392755878982
7,0,2,Standard Deviation of Error,0.3216883231938558
8,0,2,Standard deviation per Recording (avg),0.19667888138316772
9,0,2,Ratio of Outliers (>= 0.5 rad),0.15830546265328874
10,0,3,Mean Square Error,0.11821799272287738
11,0,3,R squared,0.5649271394241597
12,0,3,Standard Deviation of Error,0.29375836055160204
13,0,3,Standard deviation per Recording (avg),0.16946061686623445
14,0,3,Ratio of Outliers (>= 0.5 rad),0.12931995540691194
15,0,4,Mean Square Error,0.11069045967737204
16,0,4,R squared,0.5926304125026021
17,0,4,Standard Deviation of Error,0.2805689993837386
18,0,4,Standard deviation per Recording (avg),0.1541318214946354
19,0,4,Ratio of Outliers (>= 0.5 rad),0.1326644370122631
20,0,5,Mean Square Error,0.10855231062511947
21,0,5,R squared,0.600499355318115
22,0,5,Standard Deviation of Error,0.2761257172331643
23,0,5,Standard deviation per Recording (avg),0.14505555991022606
24,0,5,Ratio of Outliers (>= 0.5 rad),0.13377926421404682
25,0,6,Mean Square Error,0.10723790992489621
26,0,6,R squared,0.6053366906459915
27,0,6,Standard Deviation of Error,0.27276754537321707
28,0,6,Standard deviation per Recording (avg),0.13792256159510793
29,0,6,Ratio of Outliers (>= 0.5 rad),0.13154960981047936
30,0,7,Mean Square Error,0.10879804675927683
31,0,7,R squared,0.5995949826386929
32,0,7,Standard Deviation of Error,0.2729509045425604
33,0,7,Standard deviation per Recording (avg),0.13140286818695196
34,0,7,Ratio of Outliers (>= 0.5 rad),0.13377926421404682
35,0,8,Mean Square Error,0.10863279173176915
36,0,8,R squared,0.6002031639813659
37,0,8,Standard Deviation of Error,0.2713660117515873
38,0,8,Standard deviation per Recording (avg),0.126525766544119
39,0,8,Ratio of Outliers (>= 0.5 rad),0.13823857302118173
40,0,9,Mean Square Error,0.10760599731112527
41,0,9,R squared,0.6039820336400654
42,0,9,Standard Deviation of Error,0.2675185965607675
43,0,9,Standard deviation per Recording (avg),0.12231132772165124
44,0,9,Ratio of Outliers (>= 0.5 rad),0.14381270903010032
45,0,10,Mean Square Error,0.10667636451963904
46,0,10,R squared,0.6074033233148541
47,0,10,Standard Deviation of Error,0.2652685617539525
48,0,10,Standard deviation per Recording (avg),0.11784550388779659
49,0,10,Ratio of Outliers (>= 0.5 rad),0.14604236343366778
50,0,11,Mean Square Error,0.10704571412012129
51,0,11,R squared,0.6060440210332543
52,0,11,Standard Deviation of Error,0.2647930368261418
53,0,11,Standard deviation per Recording (avg),0.11562801155392219
54,0,11,Ratio of Outliers (>= 0.5 rad),0.1415830546265329
55,0,12,Mean Square Error,0.10720700784759103
56,0,12,R squared,0.6054504183016658
57,0,12,Standard Deviation of Error,0.26463969375019575
58,0,12,Standard deviation per Recording (avg),0.11294388105334406
59,0,12,Ratio of Outliers (>= 0.5 rad),0.1415830546265329
60,0,13,Mean Square Error,0.1077282010596733
61,0,13,R squared,0.6035322921647681
62,0,13,Standard Deviation of Error,0.26534873959064653
63,0,13,Standard deviation per Recording (avg),0.11128725690036376
64,0,13,Ratio of Outliers (>= 0.5 rad),0.14381270903010032
65,0,14,Mean Square Error,0.11008234123273315
66,0,14,R squared,0.5948684460301902
67,0,14,Standard Deviation of Error,0.2681503613915434
68,0,14,Standard deviation per Recording (avg),0.11109586606944975
69,0,14,Ratio of Outliers (>= 0.5 rad),0.14604236343366778
70,0,15,Mean Square Error,0.1103695675704883
71,0,15,R squared,0.5938113786454242
72,0,15,Standard Deviation of Error,0.26765878693109263
73,0,15,Standard deviation per Recording (avg),0.10988235738915479
74,0,15,Ratio of Outliers (>= 0.5 rad),0.1505016722408027
75,0,16,Mean Square Error,0.11018065964732386
76,0,16,R squared,0.5945066087759955
77,0,16,Standard Deviation of Error,0.26710052314246185
78,0,16,Standard deviation per Recording (avg),0.10778725806956165
79,0,16,Ratio of Outliers (>= 0.5 rad),0.14492753623188406
80,0,17,Mean Square Error,0.11109068162328722
81,0,17,R squared,0.5911574919863256
82,0,17,Standard Deviation of Error,0.26761115212909387
83,0,17,Standard deviation per Recording (avg),0.10691992016582068
84,0,17,Ratio of Outliers (>= 0.5 rad),0.14938684503901895
85,0,18,Mean Square Error,0.11135791340693722
86,0,18,R squared,0.5901740097441432
87,0,18,Standard Deviation of Error,0.2674917694476836
88,0,18,Standard deviation per Recording (avg),0.10560181597973985
89,0,18,Ratio of Outliers (>= 0.5 rad),0.14492753623188406
90,0,19,Mean Square Error,0.11219022706430173
91,0,19,R squared,0.5871108797123656
92,0,19,Standard Deviation of Error,0.2682470254638531
93,0,19,Standard deviation per Recording (avg),0.10479694565694218
94,0,19,Ratio of Outliers (>= 0.5 rad),0.14827201783723523
95,0,20,Mean Square Error,0.11237566730157612
96,0,20,R squared,0.5864284115648479
97,0,20,Standard Deviation of Error,0.2685447921446153
98,0,20,Standard deviation per Recording (avg),0.10344659338519623
99,0,20,Ratio of Outliers (>= 0.5 rad),0.14715719063545152
100,0,21,Mean Square Error,0.11291781617349608
101,0,21,R squared,0.5844331631671096
102,0,21,Standard Deviation of Error,0.26889496911312055
103,0,21,Standard deviation per Recording (avg),0.10207095348398428
104,0,21,Ratio of Outliers (>= 0.5 rad),0.15496098104793757
105,0,22,Mean Square Error,0.11298163059075918
106,0,22,R squared,0.5841983095680494
107,0,22,Standard Deviation of Error,0.268487994216197
108,0,22,Standard deviation per Recording (avg),0.10041801933428549
109,0,22,Ratio of Outliers (>= 0.5 rad),0.1527313266443701
110,0,23,Mean Square Error,0.11273625507435864
111,0,23,R squared,0.5851013550806382
112,0,23,Standard Deviation of Error,0.26791640916888876
113,0,23,Standard deviation per Recording (avg),0.09930402943847394
114,0,23,Ratio of Outliers (>= 0.5 rad),0.15384615384615385
115,0,24,Mean Square Error,0.11326515086057762
116,0,24,R squared,0.5831548814740679
117,0,24,Standard Deviation of Error,0.2679177198260305
118,0,24,Standard deviation per Recording (avg),0.09758712601335828
119,0,24,Ratio of Outliers (>= 0.5 rad),0.1527313266443701
120,1,1,Mean Square Error,0.23623112404016208
121,1,1,R squared,-0.3987540222716628
122,1,1,Standard Deviation of Error,0.42932290587297683
123,1,1,Standard deviation per Recording (avg),0.28302731794691394
124,1,1,Ratio of Outliers (>= 0.5 rad),0.22965440356744704
125,1,2,Mean Square Error,0.19461473141168198
126,1,2,R squared,-0.15233815807069173
127,1,2,Standard Deviation of Error,0.37454911559361526
128,1,2,Standard deviation per Recording (avg),0.21334911131289153
129,1,2,Ratio of Outliers (>= 0.5 rad),0.20735785953177258
130,1,3,Mean Square Error,0.18409484761790285
131,1,3,R squared,-0.09004861078869442
132,1,3,Standard Deviation of Error,0.3569550966873272
133,1,3,Standard deviation per Recording (avg),0.1809782689395239
134,1,3,Ratio of Outliers (>= 0.5 rad),0.19843924191750278
135,1,4,Mean Square Error,0.18134246299010912
136,1,4,R squared,-0.0737513972669459
137,1,4,Standard Deviation of Error,0.34954897293825976
138,1,4,Standard deviation per Recording (avg),0.1672580478279893
139,1,4,Ratio of Outliers (>= 0.5 rad),0.2040133779264214
140,1,5,Mean Square Error,0.17663262649855901
141,1,5,R squared,-0.045863866512626084
142,1,5,Standard Deviation of Error,0.3419866336260825
143,1,5,Standard deviation per Recording (avg),0.15012044423225251
144,1,5,Ratio of Outliers (>= 0.5 rad),0.19843924191750278
145,1,6,Mean Square Error,0.1769161006229415
146,1,6,R squared,-0.04754235224688741
147,1,6,Standard Deviation of Error,0.3408383987893991
148,1,6,Standard deviation per Recording (avg),0.14538508385464777
149,1,6,Ratio of Outliers (>= 0.5 rad),0.20066889632107024
150,1,7,Mean Square Error,0.1762331800159237
151,1,7,R squared,-0.04349869394470729
152,1,7,Standard Deviation of Error,0.3392965541824355
153,1,7,Standard deviation per Recording (avg),0.13982102252661005
154,1,7,Ratio of Outliers (>= 0.5 rad),0.20066889632107024
155,1,8,Mean Square Error,0.17538529803216354
156,1,8,R squared,-0.03847827870511944
157,1,8,Standard Deviation of Error,0.3369495983583895
158,1,8,Standard deviation per Recording (avg),0.13455048432999303
159,1,8,Ratio of Outliers (>= 0.5 rad),0.20512820512820512
160,1,9,Mean Square Error,0.1744171228818773
161,1,9,R squared,-0.032745592585841976
162,1,9,Standard Deviation of Error,0.3341910901228383
163,1,9,Standard deviation per Recording (avg),0.13157714365120812
164,1,9,Ratio of Outliers (>= 0.5 rad),0.1995540691192865
165,1,10,Mean Square Error,0.17347707045396699
166,1,10,R squared,-0.027179424622037818
167,1,10,Standard Deviation of Error,0.33190120094403497
168,1,10,Standard deviation per Recording (avg),0.1276532195087126
169,1,10,Ratio of Outliers (>= 0.5 rad),0.19509476031215162
170,1,11,Mean Square Error,0.17518562681401761
171,1,11,R squared,-0.03729600045686454
172,1,11,Standard Deviation of Error,0.333039998366133
173,1,11,Standard deviation per Recording (avg),0.12583919436321356
174,1,11,Ratio of Outliers (>= 0.5 rad),0.20066889632107024
175,1,12,Mean Square Error,0.17472489631261953
176,1,12,R squared,-0.034567957551289386
177,1,12,Standard Deviation of Error,0.33207544084955415
178,1,12,Standard deviation per Recording (avg),0.12429787565939263
179,1,12,Ratio of Outliers (>= 0.5 rad),0.1995540691192865
180,1,13,Mean Square Error,0.17491772254556315
181,1,13,R squared,-0.035709705786308055
182,1,13,Standard Deviation of Error,0.332147135362366
183,1,13,Standard deviation per Recording (avg),0.12103550333689242
184,1,13,Ratio of Outliers (>= 0.5 rad),0.1995540691192865
185,1,14,Mean Square Error,0.17503110171495406
186,1,14,R squared,-0.03638103802447845
187,1,14,Standard Deviation of Error,0.3313246403086283
188,1,14,Standard deviation per Recording (avg),0.1195992838133176
189,1,14,Ratio of Outliers (>= 0.5 rad),0.20178372352285395
190,1,15,Mean Square Error,0.1751901277276344
191,1,15,R squared,-0.03732265092915488
192,1,15,Standard Deviation of Error,0.33080667182223866
193,1,15,Standard deviation per Recording (avg),0.1181371238118005
194,1,15,Ratio of Outliers (>= 0.5 rad),0.1995540691192865
195,1,16,Mean Square Error,0.17588625137579614
196,1,16,R squared,-0.04144448608877216
197,1,16,Standard Deviation of Error,0.33111112516237134
198,1,16,Standard deviation per Recording (avg),0.11756999629439668
199,1,16,Ratio of Outliers (>= 0.5 rad),0.19620958751393533
200,1,17,Mean Square Error,0.1760590630034768
201,1,17,R squared,-0.04246772534353083
202,1,17,Standard Deviation of Error,0.33090002093083865
203,1,17,Standard deviation per Recording (avg),0.11551200222100347
204,1,17,Ratio of Outliers (>= 0.5 rad),0.19286510590858416
205,1,18,Mean Square Error,0.17637536780865207
206,1,18,R squared,-0.04434060564370479
207,1,18,Standard Deviation of Error,0.3306873364568199
208,1,18,Standard deviation per Recording (avg),0.11405984456156841
209,1,18,Ratio of Outliers (>= 0.5 rad),0.19732441471571907
210,1,19,Mean Square Error,0.17609372572298426
211,1,19,R squared,-0.04267296763973949
212,1,19,Standard Deviation of Error,0.3296931718118273
213,1,19,Standard deviation per Recording (avg),0.11220293791176825
214,1,19,Ratio of Outliers (>= 0.5 rad),0.19620958751393533
215,1,20,Mean Square Error,0.176450194017053
216,1,20,R squared,-0.04478366097943742
217,1,20,Standard Deviation of Error,0.3297497200914829
218,1,20,Standard deviation per Recording (avg),0.11150791061690778
219,1,20,Ratio of Outliers (>= 0.5 rad),0.19620958751393533
220,1,21,Mean Square Error,0.17667146600829942
221,1,21,R squared,-0.046093840106043116
222,1,21,Standard Deviation of Error,0.32929464980836426
223,1,21,Standard deviation per Recording (avg),0.11087732932497754
224,1,21,Ratio of Outliers (>= 0.5 rad),0.19843924191750278
225,1,22,Mean Square Error,0.1767638163698821
226,1,22,R squared,-0.04664065814387297
227,1,22,Standard Deviation of Error,0.32866132136945886
228,1,22,Standard deviation per Recording (avg),0.10921524037423513
229,1,22,Ratio of Outliers (>= 0.5 rad),0.1995540691192865
230,1,23,Mean Square Error,0.17700111595937837
231,1,23,R squared,-0.04804573868370454
232,1,23,Standard Deviation of Error,0.3284592356679447
233,1,23,Standard deviation per Recording (avg),0.10821924544150371
234,1,23,Ratio of Outliers (>= 0.5 rad),0.1995540691192865
235,1,24,Mean Square Error,0.17720775629318256
236,1,24,R squared,-0.04926928193714564
237,1,24,Standard Deviation of Error,0.32758184956429165
238,1,24,Standard deviation per Recording (avg),0.1067044559639896
239,1,24,Ratio of Outliers (>= 0.5 rad),0.20066889632107024
240,2,1,Mean Square Error,0.1535072251582984
241,2,1,R squared,0.33862371148137693
242,2,1,Standard Deviation of Error,0.35489328874541054
243,2,1,Standard deviation per Recording (avg),0.24605921298338168
244,2,1,Ratio of Outliers (>= 0.5 rad),0.1282051282051282
245,2,2,Mean Square Error,0.12366455836724828
246,2,2,R squared,0.46719897679158906
247,2,2,Standard Deviation of Error,0.3088803734375168
248,2,2,Standard deviation per Recording (avg),0.19386049734777622
249,2,2,Ratio of Outliers (>= 0.5 rad),0.12151616499442586
250,2,3,Mean Square Error,0.1175402354969749
251,2,3,R squared,0.49358523923268416
252,2,3,Standard Deviation of Error,0.2961762273704172
253,2,3,Standard deviation per Recording (avg),0.17376440294628032
254,2,3,Ratio of Outliers (>= 0.5 rad),0.11482720178372352
255,2,4,Mean Square Error,0.11112577243663455
256,2,4,R squared,0.5212215525548286
257,2,4,Standard Deviation of Error,0.2855549667152787
258,2,4,Standard deviation per Recording (avg),0.16124267709525983
259,2,4,Ratio of Outliers (>= 0.5 rad),0.11371237458193979
260,2,5,Mean Square Error,0.1080698795785428
261,2,5,R squared,0.5343876760028363
262,2,5,Standard Deviation of Error,0.2786248487954012
263,2,5,Standard deviation per Recording (avg),0.15188039141604803
264,2,5,Ratio of Outliers (>= 0.5 rad),0.12040133779264214
265,2,6,Mean Square Error,0.10715740746566524
266,2,6,R squared,0.5383190050902418
267,2,6,Standard Deviation of Error,0.27542590486041246
268,2,6,Standard deviation per Recording (avg),0.1439884518883272
269,2,6,Ratio of Outliers (>= 0.5 rad),0.11594202898550725
270,2,7,Mean Square Error,0.10657443817672965
271,2,7,R squared,0.5408306918479104
272,2,7,Standard Deviation of Error,0.27280222303300317
273,2,7,Standard deviation per Recording (avg),0.1401794913418107
274,2,7,Ratio of Outliers (>= 0.5 rad),0.11928651059085842
275,2,8,Mean Square Error,0.10694262839991299
276,2,8,R squared,0.539244367275717
277,2,8,Standard Deviation of Error,0.27194110401091753
278,2,8,Standard deviation per Recording (avg),0.13463806124752717
279,2,8,Ratio of Outliers (>= 0.5 rad),0.12374581939799331
280,2,9,Mean Square Error,0.1059077240786131
281,2,9,R squared,0.5437031878835898
282,2,9,Standard Deviation of Error,0.2704014258607356
283,2,9,Standard deviation per Recording (avg),0.13200435443102543
284,2,9,Ratio of Outliers (>= 0.5 rad),0.11817168338907469
285,2,10,Mean Square Error,0.10534492872170974
286,2,10,R squared,0.5461279565155577
287,2,10,Standard Deviation of Error,0.2687694340104826
288,2,10,Standard deviation per Recording (avg),0.1289199830142849
289,2,10,Ratio of Outliers (>= 0.5 rad),0.12151616499442586
290,2,11,Mean Square Error,0.10433434780534756
291,2,11,R squared,0.550481981252974
292,2,11,Standard Deviation of Error,0.2664801395982436
293,2,11,Standard deviation per Recording (avg),0.1243437291072334
294,2,11,Ratio of Outliers (>= 0.5 rad),0.12151616499442586
295,2,12,Mean Square Error,0.10688965979188683
296,2,12,R squared,0.5394725792139382
297,2,12,Standard Deviation of Error,0.2690626539326535
298,2,12,Standard deviation per Recording (avg),0.12402080630287084
299,2,12,Ratio of Outliers (>= 0.5 rad),0.11594202898550725
300,2,13,Mean Square Error,0.10763618667582742
301,2,13,R squared,0.5362562147772099
302,2,13,Standard Deviation of Error,0.2696865128896046
303,2,13,Standard deviation per Recording (avg),0.12281500666284856
304,2,13,Ratio of Outliers (>= 0.5 rad),0.11482720178372352
305,2,14,Mean Square Error,0.1081145924706293
306,2,14,R squared,0.5341950333009271
307,2,14,Standard Deviation of Error,0.26936690360502347
308,2,14,Standard deviation per Recording (avg),0.12020234347380482
309,2,14,Ratio of Outliers (>= 0.5 rad),0.11371237458193979
310,2,15,Mean Square Error,0.10835393389996494
311,2,15,R squared,0.5331638457066004
312,2,15,Standard Deviation of Error,0.26972284872743774
313,2,15,Standard deviation per Recording (avg),0.11887254661480365
314,2,15,Ratio of Outliers (>= 0.5 rad),0.11928651059085842
315,2,16,Mean Square Error,0.10725836647502222
316,2,16,R squared,0.5378840295063096
317,2,16,Standard Deviation of Error,0.2675552191513762
318,2,16,Standard deviation per Recording (avg),0.1166278735084373
319,2,16,Ratio of Outliers (>= 0.5 rad),0.11817168338907469
320,2,17,Mean Square Error,0.1066286880106012
321,2,17,R squared,0.5405969598281849
322,2,17,Standard Deviation of Error,0.2653833624324205
323,2,17,Standard deviation per Recording (avg),0.11360243748358301
324,2,17,Ratio of Outliers (>= 0.5 rad),0.11817168338907469
325,2,18,Mean Square Error,0.10694493380225244
326,2,18,R squared,0.5392344345937782
327,2,18,Standard Deviation of Error,0.2648016740774502
328,2,18,Standard deviation per Recording (avg),0.11286151266310619
329,2,18,Ratio of Outliers (>= 0.5 rad),0.11817168338907469
330,2,19,Mean Square Error,0.10717043062998569
331,2,19,R squared,0.5382628956004498
332,2,19,Standard Deviation of Error,0.26441177460341
333,2,19,Standard deviation per Recording (avg),0.11221596735367217
334,2,19,Ratio of Outliers (>= 0.5 rad),0.12040133779264214
335,2,20,Mean Square Error,0.10790417132859949
336,2,20,R squared,0.5351016196443257
337,2,20,Standard Deviation of Error,0.264881374822875
338,2,20,Standard deviation per Recording (avg),0.11180306552700144
339,2,20,Ratio of Outliers (>= 0.5 rad),0.12151616499442586
340,2,21,Mean Square Error,0.10753317267637516
341,2,21,R squared,0.5367000441575724
342,2,21,Standard Deviation of Error,0.26420280667342766
343,2,21,Standard deviation per Recording (avg),0.11045489622898483
344,2,21,Ratio of Outliers (>= 0.5 rad),0.11928651059085842
345,2,22,Mean Square Error,0.10798263396451638
346,2,22,R squared,0.5347635682797949
347,2,22,Standard Deviation of Error,0.26473025323392746
348,2,22,Standard deviation per Recording (avg),0.109059484456797
349,2,22,Ratio of Outliers (>= 0.5 rad),0.12151616499442586
350,2,23,Mean Square Error,0.10842812543761589
351,2,23,R squared,0.5328441961020917
352,2,23,Standard Deviation of Error,0.26491131075981156
353,2,23,Standard deviation per Recording (avg),0.10917442246858375
354,2,23,Ratio of Outliers (>= 0.5 rad),0.11928651059085842
355,2,24,Mean Square Error,0.10816868943517916
356,2,24,R squared,0.5339619599091228
357,2,24,Standard Deviation of Error,0.2646128158528965
358,2,24,Standard deviation per Recording (avg),0.10859143537165938
359,2,24,Ratio of Outliers (>= 0.5 rad),0.12263099219620958
360,3,1,Mean Square Error,0.10250774839788909
361,3,1,R squared,0.29301144158937376
362,3,1,Standard Deviation of Error,0.2950608867414699
363,3,1,Standard deviation per Recording (avg),0.23018080136505822
364,3,1,Ratio of Outliers (>= 0.5 rad),0.10813823857302118
365,3,2,Mean Square Error,0.08171453401450786
366,3,2,R squared,0.4364207437288453
367,3,2,Standard Deviation of Error,0.2521887572158132
368,3,2,Standard deviation per Recording (avg),0.17481337054282262
369,3,2,Ratio of Outliers (>= 0.5 rad),0.08807134894091416
370,3,3,Mean Square Error,0.0779895198147926
371,3,3,R squared,0.46211189840032996
372,3,3,Standard Deviation of Error,0.23966543120996997
373,3,3,Standard deviation per Recording (avg),0.14894410674508327
374,3,3,Ratio of Outliers (>= 0.5 rad),0.06577480490523968
375,3,4,Mean Square Error,0.0704379896083341
376,3,4,R squared,0.5141942583965264
377,3,4,Standard Deviation of Error,0.22438467903476791
378,3,4,Standard deviation per Recording (avg),0.1371120911786108
379,3,4,Ratio of Outliers (>= 0.5 rad),0.06354515050167224
380,3,5,Mean Square Error,0.0707741232258287
381,3,5,R squared,0.5118759690439652
382,3,5,Standard Deviation of Error,0.22119162303634357
383,3,5,Standard deviation per Recording (avg),0.12700339582092218
384,3,5,Ratio of Outliers (>= 0.5 rad),0.057971014492753624
385,3,6,Mean Square Error,0.0678692371080445
386,3,6,R squared,0.5319107593974481
387,3,6,Standard Deviation of Error,0.21384710739998983
388,3,6,Standard deviation per Recording (avg),0.11825250417807782
389,3,6,Ratio of Outliers (>= 0.5 rad),0.055741360089186176
390,3,7,Mean Square Error,0.0670302898582373
391,3,7,R squared,0.5376969181609936
392,3,7,Standard Deviation of Error,0.20937120341764837
393,3,7,Standard deviation per Recording (avg),0.11308667768533195
394,3,7,Ratio of Outliers (>= 0.5 rad),0.055741360089186176
395,3,8,Mean Square Error,0.06595364973799786
396,3,8,R squared,0.5451224275340079
397,3,8,Standard Deviation of Error,0.20603904020113004
398,3,8,Standard deviation per Recording (avg),0.10968929149762832
399,3,8,Ratio of Outliers (>= 0.5 rad),0.04793756967670011
400,3,9,Mean Square Error,0.06613237816814677
401,3,9,R squared,0.5438897504227372
402,3,9,Standard Deviation of Error,0.20470500415218362
403,3,9,Standard deviation per Recording (avg),0.1051589663118044
404,3,9,Ratio of Outliers (>= 0.5 rad),0.04793756967670011
405,3,10,Mean Square Error,0.06703182711058461
406,3,10,R squared,0.5376863158422622
407,3,10,Standard Deviation of Error,0.2058245247989448
408,3,10,Standard deviation per Recording (avg),0.10356320063178971
409,3,10,Ratio of Outliers (>= 0.5 rad),0.05128205128205128
410,3,11,Mean Square Error,0.0674569557748188
411,3,11,R squared,0.5347542340614848
412,3,11,Standard Deviation of Error,0.2053253088158413
413,3,11,Standard deviation per Recording (avg),0.10085857049577092
414,3,11,Ratio of Outliers (>= 0.5 rad),0.04793756967670011
415,3,12,Mean Square Error,0.06771135443154401
416,3,12,R squared,0.5329996648470521
417,3,12,Standard Deviation of Error,0.20493810004542773
418,3,12,Standard deviation per Recording (avg),0.09805885423000872
419,3,12,Ratio of Outliers (>= 0.5 rad),0.054626532887402456
420,3,13,Mean Square Error,0.06747022494864477
421,3,13,R squared,0.5346627175252119
422,3,13,Standard Deviation of Error,0.20391397807619316
423,3,13,Standard deviation per Recording (avg),0.09599518517706408
424,3,13,Ratio of Outliers (>= 0.5 rad),0.05351170568561873
425,3,14,Mean Square Error,0.06804796808684614
426,3,14,R squared,0.5306780647083031
427,3,14,Standard Deviation of Error,0.2043259035339921
428,3,14,Standard deviation per Recording (avg),0.09472845643409604
429,3,14,Ratio of Outliers (>= 0.5 rad),0.057971014492753624
430,3,15,Mean Square Error,0.06856258092531868
431,3,15,R squared,0.527128817022176
432,3,15,Standard Deviation of Error,0.203512041943726
433,3,15,Standard deviation per Recording (avg),0.09288063902523098
434,3,15,Ratio of Outliers (>= 0.5 rad),0.05351170568561873
435,3,16,Mean Square Error,0.06794531503427856
436,3,16,R squared,0.5313860554191077
437,3,16,Standard Deviation of Error,0.20249082613281283
438,3,16,Standard deviation per Recording (avg),0.09189363523742501
439,3,16,Ratio of Outliers (>= 0.5 rad),0.05351170568561873
440,3,17,Mean Square Error,0.06795588377269489
441,3,17,R squared,0.531313163591378
442,3,17,Standard Deviation of Error,0.20220797210733882
443,3,17,Standard deviation per Recording (avg),0.09058450537607109
444,3,17,Ratio of Outliers (>= 0.5 rad),0.054626532887402456
445,3,18,Mean Square Error,0.06729661700656317
446,3,18,R squared,0.535860078999044
447,3,18,Standard Deviation of Error,0.2005762410755075
448,3,18,Standard deviation per Recording (avg),0.08950168405197474
449,3,18,Ratio of Outliers (>= 0.5 rad),0.056856187290969896
450,3,19,Mean Square Error,0.06723488415518243
451,3,19,R squared,0.5362858460292086
452,3,19,Standard Deviation of Error,0.1997557162400109
453,3,19,Standard deviation per Recording (avg),0.08887217646546762
454,3,19,Ratio of Outliers (>= 0.5 rad),0.056856187290969896
455,3,20,Mean Square Error,0.06809089926772392
456,3,20,R squared,0.5303819714455593
457,3,20,Standard Deviation of Error,0.20091825033674807
458,3,20,Standard deviation per Recording (avg),0.08894738439860342
459,3,20,Ratio of Outliers (>= 0.5 rad),0.056856187290969896
460,3,21,Mean Square Error,0.06772527364501754
461,3,21,R squared,0.5329036650341437
462,3,21,Standard Deviation of Error,0.19980978859082793
463,3,21,Standard deviation per Recording (avg),0.08733598639236628
464,3,21,Ratio of Outliers (>= 0.5 rad),0.054626532887402456
465,3,22,Mean Square Error,0.06761793066956398
466,3,22,R squared,0.5336440018053392
467,3,22,Standard Deviation of Error,0.19943702597694554
468,3,22,Standard deviation per Recording (avg),0.08693718649326568
469,3,22,Ratio of Outliers (>= 0.5 rad),0.054626532887402456
470,3,23,Mean Square Error,0.06751092935829864
471,3,23,R squared,0.5343819821432342
472,3,23,Standard Deviation of Error,0.19887166489072017
473,3,23,Standard deviation per Recording (avg),0.08632080521391627
474,3,23,Ratio of Outliers (>= 0.5 rad),0.05239687848383501
475,3,24,Mean Square Error,0.06745354567809082
476,3,24,R squared,0.5347777532530331
477,3,24,Standard Deviation of Error,0.19859572383805038
478,3,24,Standard deviation per Recording (avg),0.08549345278471714
479,3,24,Ratio of Outliers (>= 0.5 rad),0.05128205128205128
480,4,1,Mean Square Error,0.19742848931102278
481,4,1,R squared,0.228224024762249
482,4,1,Standard Deviation of Error,0.39829259124797145
483,4,1,Standard deviation per Recording (avg),0.2521148169473346
484,4,1,Ratio of Outliers (>= 0.5 rad),0.1794871794871795
485,4,2,Mean Square Error,0.1642686568897838
486,4,2,R squared,0.3578505143075613
487,4,2,Standard Deviation of Error,0.3516587636160476
488,4,2,Standard deviation per Recording (avg),0.2027109651913723
489,4,2,Ratio of Outliers (>= 0.5 rad),0.16499442586399107
490,4,3,Mean Square Error,0.156896064418261
491,4,3,R squared,0.38667102427852185
492,4,3,Standard Deviation of Error,0.3350530142311937
493,4,3,Standard deviation per Recording (avg),0.177701077623003
494,4,3,Ratio of Outliers (>= 0.5 rad),0.14938684503901895
495,4,4,Mean Square Error,0.15521841456655203
496,4,4,R squared,0.3932291955684335
497,4,4,Standard Deviation of Error,0.32876656869946064
498,4,4,Standard deviation per Recording (avg),0.16593892232158683
499,4,4,Ratio of Outliers (>= 0.5 rad),0.1527313266443701
500,4,5,Mean Square Error,0.15480821392810812
501,4,5,R squared,0.39483272806206193
502,4,5,Standard Deviation of Error,0.3256935079586393
503,4,5,Standard deviation per Recording (avg),0.15579484657734027
504,4,5,Ratio of Outliers (>= 0.5 rad),0.15942028985507245
505,4,6,Mean Square Error,0.15263976960580497
506,4,6,R squared,0.4033094845698717
507,4,6,Standard Deviation of Error,0.3200213759255365
508,4,6,Standard deviation per Recording (avg),0.148051446659329
509,4,6,Ratio of Outliers (>= 0.5 rad),0.14604236343366778
510,4,7,Mean Square Error,0.15458874848475962
511,4,7,R squared,0.3956906496171645
512,4,7,Standard Deviation of Error,0.31979983974858184
513,4,7,Standard deviation per Recording (avg),0.1428604012408746
514,4,7,Ratio of Outliers (>= 0.5 rad),0.15384615384615385
515,4,8,Mean Square Error,0.15489377508820765
516,4,8,R squared,0.39449825734808985
517,4,8,Standard Deviation of Error,0.31943497840166396
518,4,8,Standard deviation per Recording (avg),0.1387636242173568
519,4,8,Ratio of Outliers (>= 0.5 rad),0.15496098104793757
520,4,9,Mean Square Error,0.15730945880517333
521,4,9,R squared,0.3850550069690116
522,4,9,Standard Deviation of Error,0.32079056058126737
523,4,9,Standard deviation per Recording (avg),0.1356876954160418
524,4,9,Ratio of Outliers (>= 0.5 rad),0.1527313266443701
525,4,10,Mean Square Error,0.1582393036672659
526,4,10,R squared,0.38142011147968446
527,4,10,Standard Deviation of Error,0.3210280392720659
528,4,10,Standard deviation per Recording (avg),0.13369859436286533
529,4,10,Ratio of Outliers (>= 0.5 rad),0.1527313266443701
530,4,11,Mean Square Error,0.15728337784113042
531,4,11,R squared,0.3851569611577389
532,4,11,Standard Deviation of Error,0.3199105118377755
533,4,11,Standard deviation per Recording (avg),0.13109391570997483
534,4,11,Ratio of Outliers (>= 0.5 rad),0.14938684503901895
535,4,12,Mean Square Error,0.15842540347899978
536,4,12,R squared,0.3806926209123722
537,4,12,Standard Deviation of Error,0.3208157027554862
538,4,12,Standard deviation per Recording (avg),0.1289415853413722
539,4,12,Ratio of Outliers (>= 0.5 rad),0.14604236343366778
540,4,13,Mean Square Error,0.1604365249350871
541,4,13,R squared,0.3728308618090639
542,4,13,Standard Deviation of Error,0.32155115869891837
543,4,13,Standard deviation per Recording (avg),0.12625840745183078
544,4,13,Ratio of Outliers (>= 0.5 rad),0.15496098104793757
545,4,14,Mean Square Error,0.15972577332755386
546,4,14,R squared,0.37560929068207016
547,4,14,Standard Deviation of Error,0.3198341926028788
548,4,14,Standard deviation per Recording (avg),0.12486807860642032
549,4,14,Ratio of Outliers (>= 0.5 rad),0.15830546265328874
550,4,15,Mean Square Error,0.1610884505497855
551,4,15,R squared,0.3702823920880921
552,4,15,Standard Deviation of Error,0.320825897585271
553,4,15,Standard deviation per Recording (avg),0.12248144649747822
554,4,15,Ratio of Outliers (>= 0.5 rad),0.15719063545150502
555,4,16,Mean Square Error,0.16233473574237525
556,4,16,R squared,0.36541048645131213
557,4,16,Standard Deviation of Error,0.3218210594479135
558,4,16,Standard deviation per Recording (avg),0.12098965953062434
559,4,16,Ratio of Outliers (>= 0.5 rad),0.15830546265328874
560,4,17,Mean Square Error,0.16441392045467573
561,4,17,R squared,0.35728265842287
562,4,17,Standard Deviation of Error,0.32303724682283064
563,4,17,Standard deviation per Recording (avg),0.11933980731071689
564,4,17,Ratio of Outliers (>= 0.5 rad),0.15496098104793757
565,4,18,Mean Square Error,0.16448577190955782
566,4,18,R squared,0.3570017808916819
567,4,18,Standard Deviation of Error,0.32258365871118544
568,4,18,Standard deviation per Recording (avg),0.11717459847645198
569,4,18,Ratio of Outliers (>= 0.5 rad),0.15607580824972128
570,4,19,Mean Square Error,0.1649008419377518
571,4,19,R squared,0.3553792132626671
572,4,19,Standard Deviation of Error,0.3221702936022248
573,4,19,Standard deviation per Recording (avg),0.11668234642147947
574,4,19,Ratio of Outliers (>= 0.5 rad),0.16276477146042365
575,4,20,Mean Square Error,0.16501130599377214
576,4,20,R squared,0.3549473935953975
577,4,20,Standard Deviation of Error,0.32142936583177945
578,4,20,Standard deviation per Recording (avg),0.11539631145705197
579,4,20,Ratio of Outliers (>= 0.5 rad),0.1616499442586399
580,4,21,Mean Square Error,0.16500300655696098
581,4,21,R squared,0.3549798372713898
582,4,21,Standard Deviation of Error,0.32056272269612424
583,4,21,Standard deviation per Recording (avg),0.11321285739661166
584,4,21,Ratio of Outliers (>= 0.5 rad),0.15942028985507245
585,4,22,Mean Square Error,0.1656773248203643
586,4,22,R squared,0.35234383150963344
587,4,22,Standard Deviation of Error,0.32127177697347326
588,4,22,Standard deviation per Recording (avg),0.11215271874531077
589,4,22,Ratio of Outliers (>= 0.5 rad),0.15496098104793757
590,4,23,Mean Square Error,0.16555577679197292
591,4,23,R squared,0.3528189799974598
592,4,23,Standard Deviation of Error,0.32139018950513615
593,4,23,Standard deviation per Recording (avg),0.11220195699639256
594,4,23,Ratio of Outliers (>= 0.5 rad),0.15496098104793757
595,4,24,Mean Square Error,0.1661121343826177
596,4,24,R squared,0.3506440992413985
597,4,24,Standard Deviation of Error,0.3216838895154991
598,4,24,Standard deviation per Recording (avg),0.11084144079329762
599,4,24,Ratio of Outliers (>= 0.5 rad),0.15384615384615385
600,5,1,Mean Square Error,0.11537586944006357
601,5,1,R squared,0.6495613501345147
602,5,1,Standard Deviation of Error,0.3301297318447816
603,5,1,Standard deviation per Recording (avg),0.2587550156215605
604,5,1,Ratio of Outliers (>= 0.5 rad),0.08695652173913043
605,5,2,Mean Square Error,0.0916863681670694
606,5,2,R squared,0.7215150167234146
607,5,2,Standard Deviation of Error,0.290120855670442
608,5,2,Standard deviation per Recording (avg),0.20467773490883773
609,5,2,Ratio of Outliers (>= 0.5 rad),0.08249721293199554
610,5,3,Mean Square Error,0.07711023109015949
611,5,3,R squared,0.7657880681186209
612,5,3,Standard Deviation of Error,0.2649248287046602
613,5,3,Standard deviation per Recording (avg),0.17924106117965125
614,5,3,Ratio of Outliers (>= 0.5 rad),0.06800445930880714
615,5,4,Mean Square Error,0.0699283247617377
616,5,4,R squared,0.7876021404147345
617,5,4,Standard Deviation of Error,0.2515282915157864
618,5,4,Standard deviation per Recording (avg),0.15842501640989806
619,5,4,Ratio of Outliers (>= 0.5 rad),0.06800445930880714
620,5,5,Mean Square Error,0.06818005883565852
621,5,5,R squared,0.7929122624854444
622,5,5,Standard Deviation of Error,0.248162634277194
623,5,5,Standard deviation per Recording (avg),0.1496807474325106
624,5,5,Ratio of Outliers (>= 0.5 rad),0.06800445930880714
625,5,6,Mean Square Error,0.06887917726761256
626,5,6,R squared,0.7907887844949507
627,5,6,Standard Deviation of Error,0.2488776157873306
628,5,6,Standard deviation per Recording (avg),0.14317569733216964
629,5,6,Ratio of Outliers (>= 0.5 rad),0.07246376811594203
630,5,7,Mean Square Error,0.06758748116372039
631,5,7,R squared,0.7947121372799074
632,5,7,Standard Deviation of Error,0.24560784013971335
633,5,7,Standard deviation per Recording (avg),0.13586182135045355
634,5,7,Ratio of Outliers (>= 0.5 rad),0.07023411371237458
635,5,8,Mean Square Error,0.06790268829427619
636,5,8,R squared,0.7937547381132011
637,5,8,Standard Deviation of Error,0.24484508722659956
638,5,8,Standard deviation per Recording (avg),0.13170425165258912
639,5,8,Ratio of Outliers (>= 0.5 rad),0.06577480490523968
640,5,9,Mean Square Error,0.06862377723009921
641,5,9,R squared,0.791564527678999
642,5,9,Standard Deviation of Error,0.24550916660663624
643,5,9,Standard deviation per Recording (avg),0.12931930436694447
644,5,9,Ratio of Outliers (>= 0.5 rad),0.07023411371237458
645,5,10,Mean Square Error,0.06855899678049349
646,5,10,R squared,0.7917612895617712
647,5,10,Standard Deviation of Error,0.244690790448949
648,5,10,Standard deviation per Recording (avg),0.1256145875133595
649,5,10,Ratio of Outliers (>= 0.5 rad),0.07246376811594203
650,5,11,Mean Square Error,0.06848817273638835
651,5,11,R squared,0.7919764080481121
652,5,11,Standard Deviation of Error,0.2440612315579574
653,5,11,Standard deviation per Recording (avg),0.12183072559637598
654,5,11,Ratio of Outliers (>= 0.5 rad),0.0713489409141583
655,5,12,Mean Square Error,0.06932429718137235
656,5,12,R squared,0.7894367927625091
657,5,12,Standard Deviation of Error,0.245387894776234
658,5,12,Standard deviation per Recording (avg),0.12152328043926232
659,5,12,Ratio of Outliers (>= 0.5 rad),0.07469342251950947
660,5,13,Mean Square Error,0.06986505719547631
661,5,13,R squared,0.7877943071182967
662,5,13,Standard Deviation of Error,0.24592146906682763
663,5,13,Standard deviation per Recording (avg),0.1189454592297162
664,5,13,Ratio of Outliers (>= 0.5 rad),0.07469342251950947
665,5,14,Mean Square Error,0.0701791420696824
666,5,14,R squared,0.7868403166539637
667,5,14,Standard Deviation of Error,0.24613500275846936
668,5,14,Standard deviation per Recording (avg),0.11646133817969032
669,5,14,Ratio of Outliers (>= 0.5 rad),0.0713489409141583
670,5,15,Mean Square Error,0.07069000305243268
671,5,15,R squared,0.7852886452868676
672,5,15,Standard Deviation of Error,0.24668025967318183
673,5,15,Standard deviation per Recording (avg),0.11574711831377879
674,5,15,Ratio of Outliers (>= 0.5 rad),0.07692307692307693
675,5,16,Mean Square Error,0.07181349314699913
676,5,16,R squared,0.781876195579768
677,5,16,Standard Deviation of Error,0.24853328228667884
678,5,16,Standard deviation per Recording (avg),0.11396094544893111
679,5,16,Ratio of Outliers (>= 0.5 rad),0.07469342251950947
680,5,17,Mean Square Error,0.07272012154310145
681,5,17,R squared,0.7791224340471204
682,5,17,Standard Deviation of Error,0.24995506997981465
683,5,17,Standard deviation per Recording (avg),0.11298225304183612
684,5,17,Ratio of Outliers (>= 0.5 rad),0.07803790412486064
685,5,18,Mean Square Error,0.07357386879186108
686,5,18,R squared,0.776529291870739
687,5,18,Standard Deviation of Error,0.2511015418769841
688,5,18,Standard deviation per Recording (avg),0.11228859491658626
689,5,18,Ratio of Outliers (>= 0.5 rad),0.07803790412486064
690,5,19,Mean Square Error,0.0745869509239112
691,5,19,R squared,0.7734521914659362
692,5,19,Standard Deviation of Error,0.2525423211912037
693,5,19,Standard deviation per Recording (avg),0.11153188884379912
694,5,19,Ratio of Outliers (>= 0.5 rad),0.07915273132664437
695,5,20,Mean Square Error,0.07568986731758343
696,5,20,R squared,0.770102231601809
697,5,20,Standard Deviation of Error,0.25453059878402917
698,5,20,Standard deviation per Recording (avg),0.11168133234341261
699,5,20,Ratio of Outliers (>= 0.5 rad),0.08138238573021182
700,5,21,Mean Square Error,0.07615390366453385
701,5,21,R squared,0.7686927837536323
702,5,21,Standard Deviation of Error,0.2551264515167181
703,5,21,Standard deviation per Recording (avg),0.11035663108864677
704,5,21,Ratio of Outliers (>= 0.5 rad),0.0802675585284281
705,5,22,Mean Square Error,0.07658810277230789
706,5,22,R squared,0.7673739624971634
707,5,22,Standard Deviation of Error,0.25580161995521317
708,5,22,Standard deviation per Recording (avg),0.10943185104056811
709,5,22,Ratio of Outliers (>= 0.5 rad),0.0858416945373467
710,5,23,Mean Square Error,0.07717669991361428
711,5,23,R squared,0.765586178027888
712,5,23,Standard Deviation of Error,0.2568667343745398
713,5,23,Standard deviation per Recording (avg),0.10854524978358283
714,5,23,Ratio of Outliers (>= 0.5 rad),0.08361204013377926
715,5,24,Mean Square Error,0.07779810923404866
716,5,24,R squared,0.7636987309878466
717,5,24,Standard Deviation of Error,0.2577568185866895
718,5,24,Standard deviation per Recording (avg),0.10773907041816173
719,5,24,Ratio of Outliers (>= 0.5 rad),0.08472686733556299
720,6,1,Mean Square Error,0.10067484967065052
721,6,1,R squared,0.581875362829595
722,6,1,Standard Deviation of Error,0.2986355278526155
723,6,1,Standard deviation per Recording (avg),0.2194535080133277
724,6,1,Ratio of Outliers (>= 0.5 rad),0.12931995540691194
725,6,2,Mean Square Error,0.07040646780558432
726,6,2,R squared,0.707586563059533
727,6,2,Standard Deviation of Error,0.24714660314318268
728,6,2,Standard deviation per Recording (avg),0.16596198051839114
729,6,2,Ratio of Outliers (>= 0.5 rad),0.0903010033444816
730,6,3,Mean Square Error,0.06603026317937659
731,6,3,R squared,0.725761896596187
732,6,3,Standard Deviation of Error,0.23583979762456078
733,6,3,Standard deviation per Recording (avg),0.14708720535569655
734,6,3,Ratio of Outliers (>= 0.5 rad),0.07357859531772576
735,6,4,Mean Square Error,0.06016427221992392
736,6,4,R squared,0.7501246381308391
737,6,4,Standard Deviation of Error,0.22359304454012816
738,6,4,Standard deviation per Recording (avg),0.1322104878337085
739,6,4,Ratio of Outliers (>= 0.5 rad),0.06020066889632107
740,6,5,Mean Square Error,0.05706688931958915
741,6,5,R squared,0.7629887457566968
742,6,5,Standard Deviation of Error,0.21638692247854402
743,6,5,Standard deviation per Recording (avg),0.12325206117350711
744,6,5,Ratio of Outliers (>= 0.5 rad),0.06020066889632107
745,6,6,Mean Square Error,0.055058892866396286
746,6,6,R squared,0.7713283935553018
747,6,6,Standard Deviation of Error,0.21215602121495336
748,6,6,Standard deviation per Recording (avg),0.11491923833283066
749,6,6,Ratio of Outliers (>= 0.5 rad),0.054626532887402456
750,6,7,Mean Square Error,0.053640748090825294
751,6,7,R squared,0.7772182585184038
752,6,7,Standard Deviation of Error,0.20909360172444236
753,6,7,Standard deviation per Recording (avg),0.11060088859094912
754,6,7,Ratio of Outliers (>= 0.5 rad),0.056856187290969896
755,6,8,Mean Square Error,0.05361417090710497
756,6,8,R squared,0.7773286393666139
757,6,8,Standard Deviation of Error,0.20832260214436826
758,6,8,Standard deviation per Recording (avg),0.10887694090653494
759,6,8,Ratio of Outliers (>= 0.5 rad),0.055741360089186176
760,6,9,Mean Square Error,0.053137317741036874
761,6,9,R squared,0.7793091147057681
762,6,9,Standard Deviation of Error,0.20653119394655348
763,6,9,Standard deviation per Recording (avg),0.10662436806646236
764,6,9,Ratio of Outliers (>= 0.5 rad),0.054626532887402456
765,6,10,Mean Square Error,0.05219435131661639
766,6,10,R squared,0.7832254602018333
767,6,10,Standard Deviation of Error,0.2035274975195364
768,6,10,Standard deviation per Recording (avg),0.10205483420887919
769,6,10,Ratio of Outliers (>= 0.5 rad),0.05128205128205128
770,6,11,Mean Square Error,0.051191106205074145
771,6,11,R squared,0.7873921562498422
772,6,11,Standard Deviation of Error,0.20173229793314001
773,6,11,Standard deviation per Recording (avg),0.10001189212871613
774,6,11,Ratio of Outliers (>= 0.5 rad),0.04793756967670011
775,6,12,Mean Square Error,0.05112427841659249
776,6,12,R squared,0.7876697066499987
777,6,12,Standard Deviation of Error,0.20175621012804512
778,6,12,Standard deviation per Recording (avg),0.09898737539253318
779,6,12,Ratio of Outliers (>= 0.5 rad),0.04905239687848383
780,6,13,Mean Square Error,0.050918243728831164
781,6,13,R squared,0.7885254137044075
782,6,13,Standard Deviation of Error,0.20120436400836914
783,6,13,Standard deviation per Recording (avg),0.09615295531963389
784,6,13,Ratio of Outliers (>= 0.5 rad),0.04793756967670011
785,6,14,Mean Square Error,0.05092571717454331
786,6,14,R squared,0.7884943748522312
787,6,14,Standard Deviation of Error,0.2013423997947049
788,6,14,Standard deviation per Recording (avg),0.09533718376359776
789,6,14,Ratio of Outliers (>= 0.5 rad),0.045707915273132664
790,6,15,Mean Square Error,0.049834671379645146
791,6,15,R squared,0.7930257263131024
792,6,15,Standard Deviation of Error,0.1990589361337267
793,6,15,Standard deviation per Recording (avg),0.0937865629835641
794,6,15,Ratio of Outliers (>= 0.5 rad),0.043478260869565216
795,6,16,Mean Square Error,0.04923240822167698
796,6,16,R squared,0.7955270567370399
797,6,16,Standard Deviation of Error,0.19748253716498343
798,6,16,Standard deviation per Recording (avg),0.09192862543572014
799,6,16,Ratio of Outliers (>= 0.5 rad),0.046822742474916385
800,6,17,Mean Square Error,0.04948266560377691
801,6,17,R squared,0.7944876831752014
802,6,17,Standard Deviation of Error,0.19800553625951725
803,6,17,Standard deviation per Recording (avg),0.09078151140118058
804,6,17,Ratio of Outliers (>= 0.5 rad),0.044593088071348944
805,6,18,Mean Square Error,0.04984739670559095
806,6,18,R squared,0.7929728752553519
807,6,18,Standard Deviation of Error,0.19829823056692983
808,6,18,Standard deviation per Recording (avg),0.08987522569619433
809,6,18,Ratio of Outliers (>= 0.5 rad),0.045707915273132664
810,6,19,Mean Square Error,0.050058758250360116
811,6,19,R squared,0.7920950446004515
812,6,19,Standard Deviation of Error,0.19881927566932853
813,6,19,Standard deviation per Recording (avg),0.08932838051051652
814,6,19,Ratio of Outliers (>= 0.5 rad),0.044593088071348944
815,6,20,Mean Square Error,0.05047251447874189
816,6,20,R squared,0.7903766246233164
817,6,20,Standard Deviation of Error,0.19920314843260753
818,6,20,Standard deviation per Recording (avg),0.08854618893451939
819,6,20,Ratio of Outliers (>= 0.5 rad),0.045707915273132664
820,6,21,Mean Square Error,0.05031267095339328
821,6,21,R squared,0.7910404896924877
822,6,21,Standard Deviation of Error,0.19864423814194376
823,6,21,Standard deviation per Recording (avg),0.08756238356824468
824,6,21,Ratio of Outliers (>= 0.5 rad),0.042363433667781496
825,6,22,Mean Square Error,0.05023868742730704
826,6,22,R squared,0.7913477594336653
827,6,22,Standard Deviation of Error,0.19847644011514837
828,6,22,Standard deviation per Recording (avg),0.0871043515065196
829,6,22,Ratio of Outliers (>= 0.5 rad),0.045707915273132664
830,6,23,Mean Square Error,0.05055105207742525
831,6,23,R squared,0.790050440824074
832,6,23,Standard Deviation of Error,0.19881601951041844
833,6,23,Standard deviation per Recording (avg),0.08595411396942187
834,6,23,Ratio of Outliers (>= 0.5 rad),0.042363433667781496
835,6,24,Mean Square Error,0.05094468885826309
836,6,24,R squared,0.7884155813064966
837,6,24,Standard Deviation of Error,0.1996074153569881
838,6,24,Standard deviation per Recording (avg),0.0855000511016222
839,6,24,Ratio of Outliers (>= 0.5 rad),0.044593088071348944
840,7,1,Mean Square Error,0.09482866596316342
841,7,1,R squared,0.5339673402566092
842,7,1,Standard Deviation of Error,0.28968189701905905
843,7,1,Standard deviation per Recording (avg),0.23329330748214616
844,7,1,Ratio of Outliers (>= 0.5 rad),0.12374581939799331
845,7,2,Mean Square Error,0.06745581044648451
846,7,2,R squared,0.6684904249340293
847,7,2,Standard Deviation of Error,0.2338198289992356
848,7,2,Standard deviation per Recording (avg),0.1798574203709123
849,7,2,Ratio of Outliers (>= 0.5 rad),0.07357859531772576
850,7,3,Mean Square Error,0.05798496758598421
851,7,3,R squared,0.7150346006161504
852,7,3,Standard Deviation of Error,0.21000683163626369
853,7,3,Standard deviation per Recording (avg),0.15643947182480406
854,7,3,Ratio of Outliers (>= 0.5 rad),0.06020066889632107
855,7,4,Mean Square Error,0.05347672621228378
856,7,4,R squared,0.7371902188230642
857,7,4,Standard Deviation of Error,0.19569473364548143
858,7,4,Standard deviation per Recording (avg),0.14242681005610222
859,7,4,Ratio of Outliers (>= 0.5 rad),0.05351170568561873
860,7,5,Mean Square Error,0.05215388711121396
861,7,5,R squared,0.7436912722589905
862,7,5,Standard Deviation of Error,0.18951677462261854
863,7,5,Standard deviation per Recording (avg),0.1327448870899363
864,7,5,Ratio of Outliers (>= 0.5 rad),0.04905239687848383
865,7,6,Mean Square Error,0.05032298965075722
866,7,6,R squared,0.7526891633982112
867,7,6,Standard Deviation of Error,0.18422003413041171
868,7,6,Standard deviation per Recording (avg),0.12584705553710504
869,7,6,Ratio of Outliers (>= 0.5 rad),0.044593088071348944
870,7,7,Mean Square Error,0.050556563457598444
871,7,7,R squared,0.7515412718683347
872,7,7,Standard Deviation of Error,0.18198074057136365
873,7,7,Standard deviation per Recording (avg),0.12252291053348448
874,7,7,Ratio of Outliers (>= 0.5 rad),0.044593088071348944
875,7,8,Mean Square Error,0.051391846520303486
876,7,8,R squared,0.747436298088547
877,7,8,Standard Deviation of Error,0.18097552535598624
878,7,8,Standard deviation per Recording (avg),0.11965658647417232
879,7,8,Ratio of Outliers (>= 0.5 rad),0.044593088071348944
880,7,9,Mean Square Error,0.05075424742618972
881,7,9,R squared,0.7505697598815795
882,7,9,Standard Deviation of Error,0.17735663672766852
883,7,9,Standard deviation per Recording (avg),0.11414851321736644
884,7,9,Ratio of Outliers (>= 0.5 rad),0.042363433667781496
885,7,10,Mean Square Error,0.05175548648585967
886,7,10,R squared,0.745649200288363
887,7,10,Standard Deviation of Error,0.17821079510846344
888,7,10,Standard deviation per Recording (avg),0.11314726326095474
889,7,10,Ratio of Outliers (>= 0.5 rad),0.044593088071348944
890,7,11,Mean Square Error,0.05332029016068291
891,7,11,R squared,0.7379590191480169
892,7,11,Standard Deviation of Error,0.18126297755370707
893,7,11,Standard deviation per Recording (avg),0.11393495591732
894,7,11,Ratio of Outliers (>= 0.5 rad),0.045707915273132664
895,7,12,Mean Square Error,0.05393870391662862
896,7,12,R squared,0.7349198431290562
897,7,12,Standard Deviation of Error,0.18056720451191438
898,7,12,Standard deviation per Recording (avg),0.11146519766490418
899,7,12,Ratio of Outliers (>= 0.5 rad),0.043478260869565216
900,7,13,Mean Square Error,0.054831902385384254
901,7,13,R squared,0.7305302458079823
902,7,13,Standard Deviation of Error,0.181865045055634
903,7,13,Standard deviation per Recording (avg),0.11168052803605717
904,7,13,Ratio of Outliers (>= 0.5 rad),0.045707915273132664
905,7,14,Mean Square Error,0.054402897082214435
906,7,14,R squared,0.7326385796166421
907,7,14,Standard Deviation of Error,0.1804366758137781
908,7,14,Standard deviation per Recording (avg),0.10956154646871101
909,7,14,Ratio of Outliers (>= 0.5 rad),0.044593088071348944
910,7,15,Mean Square Error,0.05466393716543256
911,7,15,R squared,0.731355705888048
912,7,15,Standard Deviation of Error,0.18010458606689597
913,7,15,Standard deviation per Recording (avg),0.10731494286676974
914,7,15,Ratio of Outliers (>= 0.5 rad),0.044593088071348944
915,7,16,Mean Square Error,0.05443240051274337
916,7,16,R squared,0.7324935858844063
917,7,16,Standard Deviation of Error,0.17898910066094556
918,7,16,Standard deviation per Recording (avg),0.10595141655942619
919,7,16,Ratio of Outliers (>= 0.5 rad),0.04124860646599777
920,7,17,Mean Square Error,0.054598377347734
921,7,17,R squared,0.7316778976631197
922,7,17,Standard Deviation of Error,0.17889387464961104
923,7,17,Standard deviation per Recording (avg),0.10541394232304008
924,7,17,Ratio of Outliers (>= 0.5 rad),0.044593088071348944
925,7,18,Mean Square Error,0.05444018221945683
926,7,18,R squared,0.7324553429181029
927,7,18,Standard Deviation of Error,0.17765585403734724
928,7,18,Standard deviation per Recording (avg),0.10356027487810203
929,7,18,Ratio of Outliers (>= 0.5 rad),0.042363433667781496
930,7,19,Mean Square Error,0.05483435176245472
931,7,19,R squared,0.7305182084171864
932,7,19,Standard Deviation of Error,0.17786806257201196
933,7,19,Standard deviation per Recording (avg),0.10289667693135736
934,7,19,Ratio of Outliers (>= 0.5 rad),0.04124860646599777
935,7,20,Mean Square Error,0.0547510696074985
936,7,20,R squared,0.7309274960918488
937,7,20,Standard Deviation of Error,0.17727922720395597
938,7,20,Standard deviation per Recording (avg),0.10211275033710483
939,7,20,Ratio of Outliers (>= 0.5 rad),0.04124860646599777
940,7,21,Mean Square Error,0.054324087186434555
941,7,21,R squared,0.733025888506537
942,7,21,Standard Deviation of Error,0.1764254889591213
943,7,21,Standard deviation per Recording (avg),0.10082536137982713
944,7,21,Ratio of Outliers (>= 0.5 rad),0.042363433667781496
945,7,22,Mean Square Error,0.05489084602650848
946,7,22,R squared,0.7302405690359949
947,7,22,Standard Deviation of Error,0.1771946521872022
948,7,22,Standard deviation per Recording (avg),0.10157604269420181
949,7,22,Ratio of Outliers (>= 0.5 rad),0.03901895206243032
950,7,23,Mean Square Error,0.05529740900437233
951,7,23,R squared,0.7282425273678701
952,7,23,Standard Deviation of Error,0.17643131526282854
953,7,23,Standard deviation per Recording (avg),0.10048585258541914
954,7,23,Ratio of Outliers (>= 0.5 rad),0.03901895206243032
955,7,24,Mean Square Error,0.05527518948173555
956,7,24,R squared,0.7283517245513111
957,7,24,Standard Deviation of Error,0.17603602356259349
958,7,24,Standard deviation per Recording (avg),0.09938177801622641
959,7,24,Ratio of Outliers (>= 0.5 rad),0.03901895206243032
960,8,1,Mean Square Error,0.09449924600579
961,8,1,R squared,0.5291939506611034
962,8,1,Standard Deviation of Error,0.2882978091710994
963,8,1,Standard deviation per Recording (avg),0.20239219392054547
964,8,1,Ratio of Outliers (>= 0.5 rad),0.11928651059085842
965,8,2,Mean Square Error,0.07832332292113883
966,8,2,R squared,0.6097842491427214
967,8,2,Standard Deviation of Error,0.2552330870044864
968,8,2,Standard deviation per Recording (avg),0.16686718981810716
969,8,2,Ratio of Outliers (>= 0.5 rad),0.10256410256410256
970,8,3,Mean Square Error,0.0707553515734142
971,8,3,R squared,0.6474887477745295
972,8,3,Standard Deviation of Error,0.23701174057401103
973,8,3,Standard deviation per Recording (avg),0.14554074955170462
974,8,3,Ratio of Outliers (>= 0.5 rad),0.07915273132664437
975,8,4,Mean Square Error,0.06678026369956705
976,8,4,R squared,0.6672930901027875
977,8,4,Standard Deviation of Error,0.2281898732514552
978,8,4,Standard deviation per Recording (avg),0.1327121632482183
979,8,4,Ratio of Outliers (>= 0.5 rad),0.0713489409141583
980,8,5,Mean Square Error,0.0645416596569021
981,8,5,R squared,0.6784460714217769
982,8,5,Standard Deviation of Error,0.22165541471147038
983,8,5,Standard deviation per Recording (avg),0.12092566878369668
984,8,5,Ratio of Outliers (>= 0.5 rad),0.05351170568561873
985,8,6,Mean Square Error,0.06281817278687792
986,8,6,R squared,0.6870326800843882
987,8,6,Standard Deviation of Error,0.21835558542447905
988,8,6,Standard deviation per Recording (avg),0.1145544480477701
989,8,6,Ratio of Outliers (>= 0.5 rad),0.059085841694537344
990,8,7,Mean Square Error,0.0632584471178222
991,8,7,R squared,0.6848391830234222
992,8,7,Standard Deviation of Error,0.21828153439603903
993,8,7,Standard deviation per Recording (avg),0.10950041902619996
994,8,7,Ratio of Outliers (>= 0.5 rad),0.054626532887402456
995,8,8,Mean Square Error,0.06084645210347918
996,8,8,R squared,0.6968560179901093
997,8,8,Standard Deviation of Error,0.2133305306964863
998,8,8,Standard deviation per Recording (avg),0.10528673672318421
999,8,8,Ratio of Outliers (>= 0.5 rad),0.05128205128205128
1000,8,9,Mean Square Error,0.06052411864114979
1001,8,9,R squared,0.6984619201574106
1002,8,9,Standard Deviation of Error,0.21320242610104076
1003,8,9,Standard deviation per Recording (avg),0.10309498914328195
1004,8,9,Ratio of Outliers (>= 0.5 rad),0.05016722408026756
1005,8,10,Mean Square Error,0.06081782439997147
1006,8,10,R squared,0.6969986444824867
1007,8,10,Standard Deviation of Error,0.2136011549439965
1008,8,10,Standard deviation per Recording (avg),0.10046396092526862
1009,8,10,Ratio of Outliers (>= 0.5 rad),0.046822742474916385
1010,8,11,Mean Square Error,0.06046708891058662
1011,8,11,R squared,0.6987460487962747
1012,8,11,Standard Deviation of Error,0.21291520521813023
1013,8,11,Standard deviation per Recording (avg),0.0993425217330726
1014,8,11,Ratio of Outliers (>= 0.5 rad),0.043478260869565216
1015,8,12,Mean Square Error,0.06040058181454787
1016,8,12,R squared,0.6990773947536497
1017,8,12,Standard Deviation of Error,0.212389172845434
1018,8,12,Standard deviation per Recording (avg),0.09681766921145767
1019,8,12,Ratio of Outliers (>= 0.5 rad),0.043478260869565216
1020,8,13,Mean Square Error,0.06066614225689491
1021,8,13,R squared,0.6977543422637448
1022,8,13,Standard Deviation of Error,0.21249576831286457
1023,8,13,Standard deviation per Recording (avg),0.0950824884328024
1024,8,13,Ratio of Outliers (>= 0.5 rad),0.04124860646599777
1025,8,14,Mean Square Error,0.0617571908490809
1026,8,14,R squared,0.6923186134189625
1027,8,14,Standard Deviation of Error,0.2139459175279073
1028,8,14,Standard deviation per Recording (avg),0.09390254367833488
1029,8,14,Ratio of Outliers (>= 0.5 rad),0.03678929765886288
1030,8,15,Mean Square Error,0.06178418083058305
1031,8,15,R squared,0.692184146244886
1032,8,15,Standard Deviation of Error,0.21383463768791644
1033,8,15,Standard deviation per Recording (avg),0.09211169033502842
1034,8,15,Ratio of Outliers (>= 0.5 rad),0.03901895206243032
1035,8,16,Mean Square Error,0.06168199635391458
1036,8,16,R squared,0.6926932409921721
1037,8,16,Standard Deviation of Error,0.21365251892673237
1038,8,16,Standard deviation per Recording (avg),0.09099735334775162
1039,8,16,Ratio of Outliers (>= 0.5 rad),0.03901895206243032
1040,8,17,Mean Square Error,0.06240905112056731
1041,8,17,R squared,0.6890709710079247
1042,8,17,Standard Deviation of Error,0.21472548785207152
1043,8,17,Standard deviation per Recording (avg),0.09001819810911416
1044,8,17,Ratio of Outliers (>= 0.5 rad),0.04013377926421405
1045,8,18,Mean Square Error,0.06256334467724156
1046,8,18,R squared,0.6883022628655148
1047,8,18,Standard Deviation of Error,0.21517984982016045
1048,8,18,Standard deviation per Recording (avg),0.08985110665441237
1049,8,18,Ratio of Outliers (>= 0.5 rad),0.04124860646599777
1050,8,19,Mean Square Error,0.0628772990943811
1051,8,19,R squared,0.6867381060594709
1052,8,19,Standard Deviation of Error,0.21584767323070805
1053,8,19,Standard deviation per Recording (avg),0.08949618577763807
1054,8,19,Ratio of Outliers (>= 0.5 rad),0.042363433667781496
1055,8,20,Mean Square Error,0.06260915064884828
1056,8,20,R squared,0.6880740522771788
1057,8,20,Standard Deviation of Error,0.21549857661132463
1058,8,20,Standard deviation per Recording (avg),0.08894225297097813
1059,8,20,Ratio of Outliers (>= 0.5 rad),0.04124860646599777
1060,8,21,Mean Square Error,0.06210232729183952
1061,8,21,R squared,0.6905991041957025
1062,8,21,Standard Deviation of Error,0.2145206310511691
1063,8,21,Standard deviation per Recording (avg),0.08793551387010995
1064,8,21,Ratio of Outliers (>= 0.5 rad),0.03678929765886288
1065,8,22,Mean Square Error,0.06262227816339636
1066,8,22,R squared,0.6880086494986037
1067,8,22,Standard Deviation of Error,0.21557610766522212
1068,8,22,Standard deviation per Recording (avg),0.08806044952308649
1069,8,22,Ratio of Outliers (>= 0.5 rad),0.03901895206243032
1070,8,23,Mean Square Error,0.06290573719757017
1071,8,23,R squared,0.6865964241775614
1072,8,23,Standard Deviation of Error,0.215804439328474
1073,8,23,Standard deviation per Recording (avg),0.08726268638236954
1074,8,23,Ratio of Outliers (>= 0.5 rad),0.04013377926421405
1075,8,24,Mean Square Error,0.06290065484499552
1076,8,24,R squared,0.6866217450392418
1077,8,24,Standard Deviation of Error,0.2156876309545564
1078,8,24,Standard deviation per Recording (avg),0.08650415923191282
1079,8,24,Ratio of Outliers (>= 0.5 rad),0.04013377926421405
1080,9,1,Mean Square Error,0.12589697143086112
1081,9,1,R squared,0.6355006525507321
1082,9,1,Standard Deviation of Error,0.3314413174195803
1083,9,1,Standard deviation per Recording (avg),0.2689668845490164
1084,9,1,Ratio of Outliers (>= 0.5 rad),0.11259754738015608
1085,9,2,Mean Square Error,0.08513819862617594
1086,9,2,R squared,0.7535062401458196
1087,9,2,Standard Deviation of Error,0.2600680107930145
1088,9,2,Standard deviation per Recording (avg),0.19712452765934468
1089,9,2,Ratio of Outliers (>= 0.5 rad),0.10479375696767002
1090,9,3,Mean Square Error,0.07739581055785623
1091,9,3,R squared,0.7759221518752876
1092,9,3,Standard Deviation of Error,0.24318839105368906
1093,9,3,Standard deviation per Recording (avg),0.17677137218055755
1094,9,3,Ratio of Outliers (>= 0.5 rad),0.08695652173913043
1095,9,4,Mean Square Error,0.073626943184882
1096,9,4,R squared,0.7868338496108154
1097,9,4,Standard Deviation of Error,0.2346446775176755
1098,9,4,Standard deviation per Recording (avg),0.16078020133751297
1099,9,4,Ratio of Outliers (>= 0.5 rad),0.07803790412486064
1100,9,5,Mean Square Error,0.0680964430462985
1101,9,5,R squared,0.8028458606121192
1102,9,5,Standard Deviation of Error,0.22460644611334232
1103,9,5,Standard deviation per Recording (avg),0.14828429814112634
1104,9,5,Ratio of Outliers (>= 0.5 rad),0.07357859531772576
1105,9,6,Mean Square Error,0.0655004901172796
1106,9,6,R squared,0.8103617137568156
1107,9,6,Standard Deviation of Error,0.21888446706046066
1108,9,6,Standard deviation per Recording (avg),0.14145003280460444
1109,9,6,Ratio of Outliers (>= 0.5 rad),0.07246376811594203
1110,9,7,Mean Square Error,0.06654389419157544
1111,9,7,R squared,0.8073408300938945
1112,9,7,Standard Deviation of Error,0.21833181153601758
1113,9,7,Standard deviation per Recording (avg),0.1377387058140795
1114,9,7,Ratio of Outliers (>= 0.5 rad),0.07469342251950947
1115,9,8,Mean Square Error,0.06866386085153646
1116,9,8,R squared,0.801203061604409
1117,9,8,Standard Deviation of Error,0.22103983471849734
1118,9,8,Standard deviation per Recording (avg),0.13608558625906286
1119,9,8,Ratio of Outliers (>= 0.5 rad),0.0802675585284281
1120,9,9,Mean Square Error,0.07039436144371254
1121,9,9,R squared,0.7961928828094794
1122,9,9,Standard Deviation of Error,0.22311044719630027
1123,9,9,Standard deviation per Recording (avg),0.13416764659110864
1124,9,9,Ratio of Outliers (>= 0.5 rad),0.08138238573021182
1125,9,10,Mean Square Error,0.07166078645174125
1126,9,10,R squared,0.7925263046243688
1127,9,10,Standard Deviation of Error,0.22433613968364674
1128,9,10,Standard deviation per Recording (avg),0.1308558014024822
1129,9,10,Ratio of Outliers (>= 0.5 rad),0.0802675585284281
1130,9,11,Mean Square Error,0.07286966963716249
1131,9,11,R squared,0.7890263226373484
1132,9,11,Standard Deviation of Error,0.22567850814061935
1133,9,11,Standard deviation per Recording (avg),0.13008111330309188
1134,9,11,Ratio of Outliers (>= 0.5 rad),0.0858416945373467
1135,9,12,Mean Square Error,0.07267737171161032
1136,9,12,R squared,0.7895830673118468
1137,9,12,Standard Deviation of Error,0.22524174904595398
1138,9,12,Standard deviation per Recording (avg),0.12815093581278406
1139,9,12,Ratio of Outliers (>= 0.5 rad),0.08472686733556299
1140,9,13,Mean Square Error,0.07339137382963522
1141,9,13,R squared,0.7875158745657497
1142,9,13,Standard Deviation of Error,0.22564880654450675
1143,9,13,Standard deviation per Recording (avg),0.12767351156212078
1144,9,13,Ratio of Outliers (>= 0.5 rad),0.0858416945373467
1145,9,14,Mean Square Error,0.07324613019217922
1146,9,14,R squared,0.7879363867549801
1147,9,14,Standard Deviation of Error,0.22450146139999522
1148,9,14,Standard deviation per Recording (avg),0.12466307175289808
1149,9,14,Ratio of Outliers (>= 0.5 rad),0.08695652173913043
1150,9,15,Mean Square Error,0.07385375143929249
1151,9,15,R squared,0.7861771899645258
1152,9,15,Standard Deviation of Error,0.2251185427997941
1153,9,15,Standard deviation per Recording (avg),0.12268507848607874
1154,9,15,Ratio of Outliers (>= 0.5 rad),0.08695652173913043
1155,9,16,Mean Square Error,0.0741268089400256
1156,9,16,R squared,0.7853866286054861
1157,9,16,Standard Deviation of Error,0.22528269941773418
1158,9,16,Standard deviation per Recording (avg),0.12093001522956899
1159,9,16,Ratio of Outliers (>= 0.5 rad),0.09141583054626533
1160,9,17,Mean Square Error,0.07508310189482045
1161,9,17,R squared,0.7826179507411066
1162,9,17,Standard Deviation of Error,0.22624240229876724
1163,9,17,Standard deviation per Recording (avg),0.11944162574757206
1164,9,17,Ratio of Outliers (>= 0.5 rad),0.07915273132664437
1165,9,18,Mean Square Error,0.07556594430991788
1166,9,18,R squared,0.7812200160392342
1167,9,18,Standard Deviation of Error,0.22654184828793303
1168,9,18,Standard deviation per Recording (avg),0.11804517305514793
1169,9,18,Ratio of Outliers (>= 0.5 rad),0.08807134894091416
1170,9,19,Mean Square Error,0.07698169129909466
1171,9,19,R squared,0.777121117965331
1172,9,19,Standard Deviation of Error,0.22827891011909943
1173,9,19,Standard deviation per Recording (avg),0.11716269838489095
1174,9,19,Ratio of Outliers (>= 0.5 rad),0.0903010033444816
1175,9,20,Mean Square Error,0.07812095669784998
1176,9,20,R squared,0.7738226947411798
1177,9,20,Standard Deviation of Error,0.22956185171374058
1178,9,20,Standard deviation per Recording (avg),0.11546810934029456
1179,9,20,Ratio of Outliers (>= 0.5 rad),0.09364548494983277
1180,9,21,Mean Square Error,0.08011525439713299
1181,9,21,R squared,0.7680487654580006
1182,9,21,Standard Deviation of Error,0.2318537527693552
1183,9,21,Standard deviation per Recording (avg),0.11493261365519201
1184,9,21,Ratio of Outliers (>= 0.5 rad),0.09253065774804906
1185,9,22,Mean Square Error,0.0812905337788134
1186,9,22,R squared,0.7646460738537124
1187,9,22,Standard Deviation of Error,0.23331614090683198
1188,9,22,Standard deviation per Recording (avg),0.11430429239399093
1189,9,22,Ratio of Outliers (>= 0.5 rad),0.09810479375696766
1190,9,23,Mean Square Error,0.08263849367156079
1191,9,23,R squared,0.7607434342928869
1192,9,23,Standard Deviation of Error,0.23503156535314265
1193,9,23,Standard deviation per Recording (avg),0.11416790912785515
1194,9,23,Ratio of Outliers (>= 0.5 rad),0.09810479375696766
1195,9,24,Mean Square Error,0.0832938606533497
1196,9,24,R squared,0.7588460031276499
1197,9,24,Standard Deviation of Error,0.23565570272205758
1198,9,24,Standard deviation per Recording (avg),0.11301060285006494
1199,9,24,Ratio of Outliers (>= 0.5 rad),0.09587513935340022
